description,merchant
**ID012345|12/31|**2345|INR5000|BIGBASKET|GROCERY|PURCHASE|MUMBAIIN REF1,Big Basket
**ID012345|12/31|**2345|INR5000|BIGBASKET|GROCERY|PURCHASE|MUMBAIIN REF2,Big Basket
**ID012345|12/31|**2345|INR5000|BIGBASKET|GROCERY|PURCHASE|MUMBAIIN REF3,Big Basket
**ID159753|02/01|**9753|KRW100000|EMART|GROCERY|PURCHASE|SEOULKR,E-Mart
**ID159753|04/22|**9753|USD89.99|RTIC_OUTDOORS|OUTDOOR_GEAR|PURCHASE|HOUSTON,RTIC Outdoors
**ID159753|07/27|**9753|USD200|BALENCIAGA|LUXURY|PURCHASE|PARIS,Balenciaga
**ID159753|08/20|**9753|EUR55.80|EDEKA|GROCERY|PURCHASE|BERLDE,EDEKA
**ID159753|11/29|**9753|USD12.99|SPOTFY|ENTMT|SUBSCR|STCKHLM,Spotify
**ID159753|11/29|**9753|USD12.99|SPOTFY|ENTMT|SUBSCR|STCKHLM REF1,Spotify
**ID159753|11/29|**9753|USD12.99|SPOTFY|ENTMT|SUBSCR|STCKHLM REF2,Spotify
**ID159753|11/29|**9753|USD12.99|SPOTFY|ENTMT|SUBSCR|STCKHLM REF3,Spotify
**ID159753|12/31|**9753|INR5000|BIGBASKET|GROCERY|PURCHASE|MUMBAIIN,Big Basket
**ID159864|02/01|**9770|KRW100000|EMART|GROCERY|PURCHASE|SEOULKR,E-Mart
**ID159864|04/22|**9770|USD89.99|RTIC_OUTDOORS|OUTDOOR_GEAR|PURCHASE|HOUSTON,RTIC Outdoors
**ID159864|07/27|**9770|USD200|BALENCIAGA|LUXURY|PURCHASE|PARIS,Balenciaga
**ID159864|08/20|**9770|EUR55.80|EDEKA|GROCERY|PURCHASE|BERLDE,EDEKA
**ID159864|11/29|**9770|USD12.99|SPOTFY|ENTMT|SUBSCR|STCKHLM,Spotify
**ID159864|12/31|**9770|INR5000|BIGBASKET|GROCERY|PURCHASE|MUMBAIIN,Big Basket
**ID159975|02/01|**9787|KRW100000|EMART|GROCERY|PURCHASE|SEOULKR,E-Mart
**ID159975|04/22|**9787|USD89.99|RTIC_OUTDOORS|OUTDOOR_GEAR|PURCHASE|HOUSTON,RTIC Outdoors
**ID159975|07/27|**9787|USD200|BALENCIAGA|LUXURY|PURCHASE|PARIS,Balenciaga
**ID159975|08/20|**9787|EUR55.80|EDEKA|GROCERY|PURCHASE|BERLDE,EDEKA
**ID159975|11/29|**9787|USD12.99|SPOTFY|ENTMT|SUBSCR|STCKHLM,Spotify
**ID159975|12/31|**9787|INR5000|BIGBASKET|GROCERY|PURCHASE|MUMBAIIN,Big Basket
**ID182900|07/27|**2900|USD200|BALENCIAGA|LUXURY|PURCHASE|PARIS REF1,Balenciaga
**ID182900|07/27|**2900|USD200|BALENCIAGA|LUXURY|PURCHASE|PARIS REF2,Balenciaga
**ID182900|07/27|**2900|USD200|BALENCIAGA|LUXURY|PURCHASE|PARIS REF3,Balenciaga
**ID678901|01/20|**3456|EUR55.80|EDEKA|GROCERY|PURCHASE|BERLDE,EDEKA
**ID678901|02/01|**8901|KRW100000|EMART|GROCERY|PURCHASE|SEOULKR REF1,E-Mart
**ID678901|02/01|**8901|KRW100000|EMART|GROCERY|PURCHASE|SEOULKR REF2,E-Mart
**ID678901|02/01|**8901|KRW100000|EMART|GROCERY|PURCHASE|SEOULKR REF3,E-Mart
**ID678901|02/20|**3456|EUR55.80|EDEKA|GROCERY|PURCHASE|BERLDE,EDEKA
**ID678901|03/20|**3456|EUR55.80|EDEKA|GROCERY|PURCHASE|BERLDE,EDEKA
**ID781234|01/25|**1234|USD18.75|TKFS|DERV|EATS|HKGCN REF1,Takeaways
**ID781234|01/25|**1234|USD18.75|TKFS|DERV|EATS|HKGCN REF2,Takeaways
**ID781234|01/25|**1234|USD18.75|TKFS|DERV|EATS|HKGCN REF3,Takeaways
**ID789267|04/22|**9267|USD89.99|RTIC_OUTDOORS|OUTDOOR_GEAR|PURCHASE|HOUSTON REF1,RTIC Outdoors
**ID789267|04/22|**9267|USD89.99|RTIC_OUTDOORS|OUTDOOR_GEAR|PURCHASE|HOUSTON REF2,RTIC Outdoors
**ID789267|04/22|**9267|USD89.99|RTIC_OUTDOORS|OUTDOOR_GEAR|PURCHASE|HOUSTON REF3,RTIC Outdoors
*SQ PINKBERRY ISTANBUL 01/20 PURCHASE ISTANBUL TR,Pinkberry
*SQ PINKBERRY ISTANBUL 02/20 PURCHASE ISTANBUL TR,Pinkberry
*SQ PINKBERRY ISTANBUL 03/20 PURCHASE ISTANBUL TR,Pinkberry
ACE_HD147 04/23 #XXXXX1081 PURCHASE POWER_TOOLS OAK BROOK IL,Ace Hardware
ACE_HD369 04/23 #XXXXX1081 PURCHASE POWER_TOOLS OAK BROOK IL,Ace Hardware
ACE_HD654 04/23 #XXXXX1081 PURCHASE POWER_TOOLS OAK BROOK IL,Ace Hardware
ACE_HD741 04/23 #XXXXX1081 PURCHASE POWER_TOOLS OAK BROOK IL,Ace Hardware
ACE_HD963 04/23 #XXXXX1081 PURCHASE POWER_TOOLS OAK BROOK IL,Ace Hardware
BJS WHOLSL #147 10/08 #XXXXX134027 PURCHASE BJS WHOLSL #147 DENVER NY,BJ's Wholesale Club
BJS WHOLSL #369 10/08 #XXXXX134027 PURCHASE BJS WHOLSL #369 AUSTIN NY,BJ's Wholesale Club
BJS WHOLSL #3847 10/08 #XXXXX134027 PURCHASE BJS WHOLSL #3847 NEW YORK NY REF1,BJ's Wholesale Club
BJS WHOLSL #3847 10/08 #XXXXX134027 PURCHASE BJS WHOLSL #3847 NEW YORK NY REF2,BJ's Wholesale Club
BJS WHOLSL #3847 10/08 #XXXXX134027 PURCHASE BJS WHOLSL #3847 NEW YORK NY REF3,BJ's Wholesale Club
BJS WHOLSL #654 10/08 #XXXXX134027 PURCHASE BJS WHOLSL #654 PHOENIX NY,BJ's Wholesale Club
BJS WHOLSL #741 10/08 #XXXXX134027 PURCHASE BJS WHOLSL #741 SEATTLE NY,BJ's Wholesale Club
BJS WHOLSL #963 10/08 #XXXXX134027 PURCHASE BJS WHOLSL #963 BOSTON NY,BJ's Wholesale Club
BOB_HOBBIES834 04/17 #XXXXX4832 PURCHASE HOBBY_STORE CHARLOTTE NC REF1,Bob's Hobbies
BOB_HOBBIES834 04/17 #XXXXX4832 PURCHASE HOBBY_STORE CHARLOTTE NC REF2,Bob's Hobbies
BOB_HOBBIES834 04/17 #XXXXX4832 PURCHASE HOBBY_STORE CHARLOTTE NC REF3,Bob's Hobbies
BOJANGLES 01/29 #XXXXX8901 PURCHASE FOOD CHARLOTTE NC REF1,Bojangles
BOJANGLES 01/29 #XXXXX8901 PURCHASE FOOD CHARLOTTE NC REF2,Bojangles
BOJANGLES 01/29 #XXXXX8901 PURCHASE FOOD CHARLOTTE NC REF3,Bojangles
BOJANGLES 08/15 #XXXXX8901 PURCHASE FOOD AUSTIN NC,Bojangles
BOJANGLES 08/15 #XXXXX8901 PURCHASE FOOD BOSTON NC,Bojangles
BOJANGLES 08/15 #XXXXX8901 PURCHASE FOOD DENVER NC,Bojangles
BOJANGLES 08/15 #XXXXX8901 PURCHASE FOOD PHOENIX NC,Bojangles
BOJANGLES 08/15 #XXXXX8901 PURCHASE FOOD SEATTLE NC,Bojangles
CHVRON_GAS147 11/02 #XXXXX2345 PURCHASE FUEL DENVER CO,Chevron
CHVRON_GAS147 11/02 #XXXXX2345 PURCHASE FUEL DENVER CO REF1,Chevron
CHVRON_GAS147 11/02 #XXXXX2345 PURCHASE FUEL DENVER CO REF2,Chevron
CHVRON_GAS147 11/02 #XXXXX2345 PURCHASE FUEL DENVER CO REF3,Chevron
CHVRON_GAS369 11/02 #XXXXX2345 PURCHASE FUEL AUSTIN CO,Chevron
CHVRON_GAS654 11/02 #XXXXX2345 PURCHASE FUEL PHOENIX CO,Chevron
CHVRON_GAS741 11/02 #XXXXX2345 PURCHASE FUEL SEATTLE CO,Chevron
CHVRON_GAS963 11/02 #XXXXX2345 PURCHASE FUEL BOSTON CO,Chevron
CMSVEND*CV AVENEL 190 HOMESTEAD AVE AVENEL 07001 NJ USA REF1,CMS
CMSVEND*CV AVENEL 190 HOMESTEAD AVE AVENEL 07001 NJ USA REF2,CMS
CMSVEND*CV AVENEL 190 HOMESTEAD AVE AVENEL 07001 NJ USA REF3,CMS
DD *STOREKANDAHARAFGHA303 2ND STREETSUITE 800 SAN FRANCISCO94107 CA USA REF1,DoorDash KANDAHAR
DD *STOREKANDAHARAFGHA303 2ND STREETSUITE 800 SAN FRANCISCO94107 CA USA REF2,DoorDash KANDAHAR
DD *STOREKANDAHARAFGHA303 2ND STREETSUITE 800 SAN FRANCISCO94107 CA USA REF3,DoorDash KANDAHAR
GIRL SCOUT COOKIES 7700 EASTPORT PARKWAY 8555304467 48122 MI USA,GIRL SCOUTS
GIRL SCOUT COOKIES 7700 EASTPORT PARKWAY 8555304467 48122 MI USA REF1,GIRL SCOUTS
GIRL SCOUT COOKIES 7700 EASTPORT PARKWAY 8555304467 48122 MI USA REF2,GIRL SCOUTS
GIRL SCOUT COOKIES 7700 EASTPORT PARKWAY 8555304467 48122 MI USA REF3,GIRL SCOUTS
GRUBHUB*TACO PALACE 1065 AVENUE OF THE AMERI 8775851085 10018 NY USA,Grubhub
GRUBHUBGOODFOODBYUZMA 1065 AVENUE OF THE AMERI 8775851085 10018 NY USA REF1,Grubhub GOOD FOOD BY UZMA
GRUBHUBGOODFOODBYUZMA 1065 AVENUE OF THE AMERI 8775851085 10018 NY USA REF2,Grubhub GOOD FOOD BY UZMA
GRUBHUBGOODFOODBYUZMA 1065 AVENUE OF THE AMERI 8775851085 10018 NY USA REF3,Grubhub GOOD FOOD BY UZMA
GS CTRL & SOUTHERN NJ 99 OAK AVE CHERRY HILL 08034 NJ USA,GIRL SCOUTS
GS CTRL &amp; SOUTHERN NJ 40 BRACE ROAD CHERRY HILL 08034 NJ USA REF1,GIRL SCOUTS
GS CTRL &amp; SOUTHERN NJ 40 BRACE ROAD CHERRY HILL 08034 NJ USA REF2,GIRL SCOUTS
GS CTRL &amp; SOUTHERN NJ 40 BRACE ROAD CHERRY HILL 08034 NJ USA REF3,GIRL SCOUTS
GS OF THE JERSEY SHORE242 ADELPHIA ROAD FARMINDALE 07727 NJ USA REF1,GIRL SCOUTS
GS OF THE JERSEY SHORE242 ADELPHIA ROAD FARMINDALE 07727 NJ USA REF2,GIRL SCOUTS
GS OF THE JERSEY SHORE242 ADELPHIA ROAD FARMINDALE 07727 NJ USA REF3,GIRL SCOUTS
GS OF THE JERSEY SHORE999 MAIN ST FARMINGDALE 07727 NJ USA,GIRL SCOUTS
JCKBOX147 12/22 #XXXXX9876 PURCHASE JUMPINJACK DENVER CA,Jack in the Box
JCKBOX369 12/22 #XXXXX9876 PURCHASE JUMPINJACK AUSTIN CA,Jack in the Box
JCKBOX654 01/22 #XXXXX9001 PURCHASE JUMPINJACK BAKERSFIELD CA,Jack in the Box
JCKBOX654 02/22 #XXXXX9002 PURCHASE JUMPINJACK BAKERSFIELD CA,Jack in the Box
JCKBOX654 03/22 #XXXXX9003 PURCHASE JUMPINJACK BAKERSFIELD CA,Jack in the Box
JCKBOX654 12/22 #XXXXX9876 PURCHASE JUMPINJACK PHOENIX CA,Jack in the Box
JCKBOX741 12/22 #XXXXX9876 PURCHASE JUMPINJACK SEATTLE CA,Jack in the Box
JCKBOX963 12/22 #XXXXX9876 PURCHASE JUMPINJACK BOSTON CA,Jack in the Box
MATTEL_147 03/10 #XXXXX4646 PURCHASE TOYS EL SEGUNDO CA,Mattel
MATTEL_369 03/10 #XXXXX4646 PURCHASE TOYS EL SEGUNDO CA,Mattel
MATTEL_46 03/10 #XXXXX4646 PURCHASE TOYS EL SEGUNDO CA REF1,Mattel
MATTEL_46 03/10 #XXXXX4646 PURCHASE TOYS EL SEGUNDO CA REF2,Mattel
MATTEL_46 03/10 #XXXXX4646 PURCHASE TOYS EL SEGUNDO CA REF3,Mattel
MATTEL_654 03/10 #XXXXX4646 PURCHASE TOYS EL SEGUNDO CA,Mattel
MATTEL_741 03/10 #XXXXX4646 PURCHASE TOYS EL SEGUNDO CA,Mattel
MATTEL_963 03/10 #XXXXX4646 PURCHASE TOYS EL SEGUNDO CA,Mattel
OHAPPYDAY4321 02/10 PURCHASE GIFTS SEATTL WA REF1,Oh Happy Day
OHAPPYDAY4321 02/10 PURCHASE GIFTS SEATTL WA REF2,Oh Happy Day
OHAPPYDAY4321 02/10 PURCHASE GIFTS SEATTL WA REF3,Oh Happy Day
PAYPAL DES:INST XFER ID:ABERCROMBIE INDN:ALEX RIVERA CO ID:PAYPAL58 WEB,Abercrombie & Fitch
PAYPAL DES:INST XFER ID:ABERCROMBIE INDN:JORDAN SMITH CO ID:PAYPAL92 WEB,Abercrombie & Fitch
PAYPAL DES:INST XFER ID:AMERICANEAGLE INDN:ALEX RIVERA CO ID:PAYPAL36 WEB,American Eagle
PAYPAL DES:INST XFER ID:AMERICANEAGLE INDN:JORDAN SMITH CO ID:PAYPAL43 WEB,American Eagle
PAYPAL DES:INST XFER ID:BANANAREPUBLIC INDN:ALEX RIVERA CO ID:PAYPAL80 WEB,Banana Republic
PAYPAL DES:INST XFER ID:BANANAREPUBLIC INDN:JORDAN SMITH CO ID:PAYPAL90 WEB,Banana Republic
PAYPAL DES:INST XFER ID:GAP INDN:ALEX RIVERA CO ID:PAYPAL29 WEB,Gap
PAYPAL DES:INST XFER ID:GAP INDN:JORDAN SMITH CO ID:PAYPAL60 WEB,Gap
PAYPAL DES:INST XFER ID:H&M INDN:ALEX RIVERA CO ID:PAYPAL44 WEB,H & M
PAYPAL DES:INST XFER ID:H&M INDN:CASEY MARTIN CO ID:PAYPAL87 WEB,H & M
PAYPAL DES:INST XFER ID:H&M INDN:JORDAN SMITH CO ID:PAYPAL66 WEB,H & M
PAYPAL DES:INST XFER ID:H&M INDN:MORGAN LEE CO ID:PAYPAL54 WEB,H & M
PAYPAL DES:INST XFER ID:H&M INDN:RILEY JOHNSON CO ID:PAYPAL34 WEB,H & M
PAYPAL DES:INST XFER ID:H&M INDN:TAYLOR NGUYEN CO ID:PAYPAL99 WEB,H & M
PAYPAL DES:INST XFER ID:H&M INDN:USER1 CO ID:PAYPALVN01 WEB,H & M
PAYPAL DES:INST XFER ID:H&M INDN:USER2 CO ID:PAYPALVN02 WEB,H & M
PAYPAL DES:INST XFER ID:H&M INDN:USER3 CO ID:PAYPALVN03 WEB,H & M
PAYPAL DES:INST XFER ID:HMUS INDN:ALEX RIVERA CO ID:PAYPAL27 WEB,H & M
PAYPAL DES:INST XFER ID:HMUS INDN:CASEY MARTIN CO ID:PAYPAL94 WEB,H & M
PAYPAL DES:INST XFER ID:HMUS INDN:JORDAN SMITH CO ID:PAYPAL65 WEB,H & M
PAYPAL DES:INST XFER ID:HMUS INDN:MORGAN LEE CO ID:PAYPAL74 WEB,H & M
PAYPAL DES:INST XFER ID:HMUS INDN:RILEY JOHNSON CO ID:PAYPAL27 WEB,H & M
PAYPAL DES:INST XFER ID:HMUS INDN:TAYLOR NGUYEN CO ID:PAYPAL13 WEB,H & M
PAYPAL DES:INST XFER ID:HOLLISTER INDN:ALEX RIVERA CO ID:PAYPAL42 WEB,Hollister
PAYPAL DES:INST XFER ID:HOLLISTER INDN:CASEY MARTIN CO ID:PAYPAL26 WEB,Hollister
PAYPAL DES:INST XFER ID:HOLLISTER INDN:JORDAN SMITH CO ID:PAYPAL70 WEB,Hollister
PAYPAL DES:INST XFER ID:HOLLISTER INDN:MORGAN LEE CO ID:PAYPAL21 WEB,Hollister
PAYPAL DES:INST XFER ID:HOLLISTER INDN:PAYER1 CO ID:PAYPALKI01 WEB,Hollister
PAYPAL DES:INST XFER ID:HOLLISTER INDN:PAYER2 CO ID:PAYPALKI02 WEB,Hollister
PAYPAL DES:INST XFER ID:HOLLISTER INDN:PAYER3 CO ID:PAYPALKI03 WEB,Hollister
PAYPAL DES:INST XFER ID:HOLLISTER INDN:RILEY JOHNSON CO ID:PAYPAL87 WEB,Hollister
PAYPAL DES:INST XFER ID:HOLLISTER INDN:TAYLOR NGUYEN CO ID:PAYPAL59 WEB,Hollister
PAYPAL DES:INST XFER ID:HOLLISTERCO INDN:ALEX RIVERA CO ID:PAYPAL62 WEB,Hollister
PAYPAL DES:INST XFER ID:HOLLISTERCO INDN:CASEY MARTIN CO ID:PAYPAL82 WEB,Hollister
PAYPAL DES:INST XFER ID:HOLLISTERCO INDN:JORDAN SMITH CO ID:PAYPAL53 WEB,Hollister
PAYPAL DES:INST XFER ID:HOLLISTERCO INDN:MORGAN LEE CO ID:PAYPAL90 WEB,Hollister
PAYPAL DES:INST XFER ID:HOLLISTERCO INDN:RILEY JOHNSON CO ID:PAYPAL81 WEB,Hollister
PAYPAL DES:INST XFER ID:HOLLISTERCO INDN:TAYLOR NGUYEN CO ID:PAYPAL18 WEB,Hollister
PAYPAL DES:INST XFER ID:JCREW INDN:ALEX RIVERA CO ID:PAYPAL85 WEB,J.Crew
PAYPAL DES:INST XFER ID:JCREW INDN:JORDAN SMITH CO ID:PAYPAL28 WEB,J.Crew
PAYPAL DES:INST XFER ID:MACYS INDN:ALEX RIVERA CO ID:PAYPAL15 WEB,Macy's
PAYPAL DES:INST XFER ID:MACYS INDN:JORDAN SMITH CO ID:PAYPAL65 WEB,Macy's
PAYPAL DES:INST XFER ID:NORDSTROM INDN:ALEX RIVERA CO ID:PAYPAL91 WEB,Nordstrom
PAYPAL DES:INST XFER ID:NORDSTROM INDN:JORDAN SMITH CO ID:PAYPAL72 WEB,Nordstrom
PAYPAL DES:INST XFER ID:OLDNAVY INDN:ALEX RIVERA CO ID:PAYPAL96 WEB,Old Navy
PAYPAL DES:INST XFER ID:OLDNAVY INDN:JORDAN SMITH CO ID:PAYPAL64 WEB,Old Navy
PAYPAL DES:INST XFER ID:SEPHORA INDN:ALEX RIVERA CO ID:PAYPAL72 WEB,Sephora
PAYPAL DES:INST XFER ID:SEPHORA INDN:JORDAN SMITH CO ID:PAYPAL95 WEB,Sephora
PAYPAL DES:INST XFER ID:ULTA INDN:ALEX RIVERA CO ID:PAYPAL93 WEB,Ulta Beauty
PAYPAL DES:INST XFER ID:ULTA INDN:JORDAN SMITH CO ID:PAYPAL48 WEB,Ulta Beauty
PAYPAL DES:INST XFER ID:UNIQLO INDN:ALEX RIVERA CO ID:PAYPAL78 WEB,Uniqlo
PAYPAL DES:INST XFER ID:UNIQLO INDN:JORDAN SMITH CO ID:PAYPAL90 WEB,Uniqlo
PAYPAL DES:INST XFER ID:ZARA INDN:ALEX RIVERA CO ID:PAYPAL80 WEB,Zara
PAYPAL DES:INST XFER ID:ZARA INDN:JORDAN SMITH CO ID:PAYPAL89 WEB,Zara
PNDR_EXPRESS_147 07/06 #XXXXX0234 PURCHASE FAST_FOOD DENVER CA,Panda Express
PNDR_EXPRESS_234 07/06 #XXXXX0234 PURCHASE FAST_FOOD ROSEMEAD CA REF1,Panda Express
PNDR_EXPRESS_234 07/06 #XXXXX0234 PURCHASE FAST_FOOD ROSEMEAD CA REF2,Panda Express
PNDR_EXPRESS_234 07/06 #XXXXX0234 PURCHASE FAST_FOOD ROSEMEAD CA REF3,Panda Express
PNDR_EXPRESS_369 07/06 #XXXXX0234 PURCHASE FAST_FOOD AUSTIN CA,Panda Express
PNDR_EXPRESS_654 07/06 #XXXXX0234 PURCHASE FAST_FOOD PHOENIX CA,Panda Express
PNDR_EXPRESS_741 07/06 #XXXXX0234 PURCHASE FAST_FOOD SEATTLE CA,Panda Express
PNDR_EXPRESS_963 07/06 #XXXXX0234 PURCHASE FAST_FOOD BOSTON CA,Panda Express
RAAVI FOODS LLC OLD BRIDGE NJ REF1,RAAVI NAAN KABAB
RAAVI FOODS LLC OLD BRIDGE NJ REF2,RAAVI NAAN KABAB
RAAVI FOODS LLC OLD BRIDGE NJ REF3,RAAVI NAAN KABAB
RVLTN_CLTH741 06/06 #XXXXX3456 PURCHASE APPAREL ONLINE REF1,Revolution Clothing
RVLTN_CLTH741 06/06 #XXXXX3456 PURCHASE APPAREL ONLINE REF2,Revolution Clothing
RVLTN_CLTH741 06/06 #XXXXX3456 PURCHASE APPAREL ONLINE REF3,Revolution Clothing
SHAKE SHACK 08/15 #XXXXX4567 PURCHASE FOOD NEW YORK NY,Shake Shack
SHEETZ 08/15 PURCHASE AUSTIN PA,Sheetz
SHEETZ 08/15 PURCHASE BOSTON PA,Sheetz
SHEETZ 08/15 PURCHASE DENVER PA,Sheetz
SHEETZ 08/15 PURCHASE PHOENIX PA,Sheetz
SHEETZ 08/15 PURCHASE SEATTLE PA,Sheetz
SHEETZ 08/22 PURCHASE ALTOONA PA REF1,Sheetz
SHEETZ 08/22 PURCHASE ALTOONA PA REF2,Sheetz
SHEETZ 08/22 PURCHASE ALTOONA PA REF3,Sheetz
SPRTS_AUTHRTY369 05/09 #XXXXX3456 PURCHASE EQUIPMENT HOUSTON TX REF1,Sports Authority
SPRTS_AUTHRTY369 05/09 #XXXXX3456 PURCHASE EQUIPMENT HOUSTON TX REF2,Sports Authority
SPRTS_AUTHRTY369 05/09 #XXXXX3456 PURCHASE EQUIPMENT HOUSTON TX REF3,Sports Authority
SPRTS_AUTHRTY963 11/01 #XXXXX7890 PURCHASE EQUIPMENT SEATTLE WA REF1,Sports Authority
SPRTS_AUTHRTY963 11/01 #XXXXX7890 PURCHASE EQUIPMENT SEATTLE WA REF2,Sports Authority
SPRTS_AUTHRTY963 11/01 #XXXXX7890 PURCHASE EQUIPMENT SEATTLE WA REF3,Sports Authority
ST JOHN VIANNEY HS 540A LINE RD 732-7390800 07733 NJ USA REF1,St. John Vianney High School
ST JOHN VIANNEY HS 540A LINE RD 732-7390800 07733 NJ USA REF2,St. John Vianney High School
ST JOHN VIANNEY HS 540A LINE RD 732-7390800 07733 NJ USA REF3,St. John Vianney High School
TRENT_BASS_PRO_047 05/27 #XXXXX8047 PURCHASE OUTDOOR_STORE SPRINGFIELD MO REF1,Bass Pro Shops
TRENT_BASS_PRO_047 05/27 #XXXXX8047 PURCHASE OUTDOOR_STORE SPRINGFIELD MO REF2,Bass Pro Shops
TRENT_BASS_PRO_047 05/27 #XXXXX8047 PURCHASE OUTDOOR_STORE SPRINGFIELD MO REF3,Bass Pro Shops
TRENT_BASS_PRO_099 05/27 #XXXXX8099 PURCHASE OUTDOOR_STORE SPRINGFIELD MO,Bass Pro Shops
